{"cameraMode":{"drawMode":0,"name":"Shaded","section":"Shading Mode"},"sceneLighting":true,"audioPlay":false,"sceneViewState":{"showFog":true,"showMaterialUpdate":false,"showSkybox":true,"showFlares":true,"showImageEffects":true,"showParticleSystems":true},"in2DMode":false,"pivot":{"x":4.593207359313965,"y":-1.931249976158142,"z":-0.034516215324401858},"rotation":{"x":0.360820472240448,"y":0.20456495881080628,"z":-0.08144314587116242,"w":0.9062743186950684},"size":23.49166488647461,"orthographic":true}